question;correct_answer;wrong_answer;options;score_correct;score_wrongWhich of the following is NOT a characteristic of a project?; Repetitive.;It seems you are wrong. The correct answer is  Repetitive.;Temporary, Creates a unique product, service, or result, Repetitive, Has a definite beginning and end, ;10;0Who are stakeholders in a project?; All of the above.;It seems you are wrong. The correct answer is  All of the above.;, The project team, The project manager, The customer, All of the above;10;0Which of the following is NOT a project management process group?; Designing.;It seems you are wrong. The correct answer is  Designing.;, Initiating, Designing, Executing, Closing;10;0What is the purpose of the initiating process group?; To define the project scope and obtain authorization to start the project.;It seems you are wrong. The correct answer is  To define the project scope and obtain authorization to start the project.;, To develop the project plan., To define the project scope and obtain authorization to start the project., To carry out the project work., To monitor project progress and take corrective action.;10;0What is the main output of the planning process group?; The project management plan.;It seems you are wrong. The correct answer is  The project management plan.;, The project charter., The project management plan., The project deliverables., The project closure report.;10;0What is the primary focus of the executing process group?; Carrying out the project work.;It seems you are wrong. The correct answer is  Carrying out the project work.;, Identifying and documenting risks., Developing the project schedule., Carrying out the project work., Monitoring project progress.;10;0What is the purpose of the monitoring and controlling process group?; To track project progress and take corrective action. ;It seems you are wrong. The correct answer is  To track project progress and take corrective action. ;, To obtain stakeholder approval for the project., To manage the project team. , To track project progress and take corrective action., To close out the project.;10;0What is the final process group in the project management life cycle?; Closing.;It seems you are wrong. The correct answer is  Closing.;, Monitoring and Controlling, Closing, Executing, Planning;10;0Which of the following is NOT a key activity in the initiating process group?; Creating the work breakdown structure.;It seems you are wrong. The correct answer is  Creating the work breakdown structure.;, Developing the project charter., Identifying stakeholders., Creating the work breakdown structure., Documenting high-level risks.;10;0What is the purpose of the project charter?; All of the above.;It seems you are wrong. The correct answer is  All of the above.;, To formally authorize the project., To define the project scope., To assign the project manager., All of the above.;10;0Which of the following is NOT typically included in the project management plan?; Project team members' resumes.;It seems you are wrong. The correct answer is  Project team members' resumes.;, Project scope statement, Project schedule, Project budget, Project team members' resumes;10;0What is the purpose of the executing process group?; To manage the project team and implement the project plan. ;It seems you are wrong. The correct answer is  To manage the project team and implement the project plan. ;, To define project activities., To manage the project team and implement the project plan., To monitor project progress., To obtain customer acceptance of the project deliverables.;10;0What is the purpose of a risk register?; All of the above.;It seems you are wrong. The correct answer is  All of the above.;, To document identified risks and their potential impact on the project., To track the status of risk response plans., To document lessons learned from previous projects., All of the above.;10;0What is the purpose of a change request?; All of the above.;It seems you are wrong. The correct answer is  All of the above.;" , To propose a change to the project scope, schedule, or budget., To document a problem or issue encountered during the project., To request additional resources for the project., All of the above.
";10;0What is the purpose of the closing process group?; All of the above.;It seems you are wrong. The correct answer is  All of the above.;", To obtain final acceptance of the project deliverables., To document lessons learned., To archive project documents., All of the above.
";10;0Which of the following is NOT a key activity in the planning process group?; Implementing risk responses.;It seems you are wrong. The correct answer is  Implementing risk responses.;", Developing the project schedule., Identifying risks., Implementing risk responses., Estimating activity durations.
";10;0What is the purpose of a work breakdown structure (WBS)?; To define the project scope in a hierarchical manner. ;It seems you are wrong. The correct answer is  To define the project scope in a hierarchical manner. ;", To define the project scope in a hierarchical manner., To identify and document project risks., To track project progress. , To communicate with stakeholders.
";10;0What is the purpose of a network diagram?; All of the above.;It seems you are wrong. The correct answer is  All of the above.;", To show the relationships between project activities., To identify the critical path., To estimate activity durations., All of the above.
";10;0What is the critical path in a project?; The longest path through the network diagram.;It seems you are wrong. The correct answer is  The longest path through the network diagram.;", The shortest path through the network diagram., The longest path through the network diagram., The path with the most activities., The path with the least float.
";10;0What is float (or slack) in project management?; The amount of time an activity can be delayed without delaying the project finish date.;It seems you are wrong. The correct answer is  The amount of time an activity can be delayed without delaying the project finish date.;", The amount of time an activity can be delayed without delaying the project finish date., The amount of money that can be spent on a project without exceeding the budget., The number of resources that can be added to a project without affecting the schedule., The amount of risk that can be tolerated on a project.
";10;0Which of the following is NOT a type of float?; Critical float.;It seems you are wrong. The correct answer is  Critical float.;", Total float, Free float, Critical float, Project float
";10;0What is the purpose of the executing process group?; To manage the project team and implement the project plan. ;It seems you are wrong. The correct answer is  To manage the project team and implement the project plan. ;", To define project activities., To manage the project team and implement the project plan., To monitor project progress., To obtain customer acceptance of the project deliverables.
";10;0What is the purpose of a risk register?; All of the above.;It seems you are wrong. The correct answer is  All of the above.;", To document identified risks and their potential impact on the project., To track the status of risk response plans., To document lessons learned from previous projects., All of the above.
";10;0What is the purpose of a change request?; All of the above.;It seems you are wrong. The correct answer is  All of the above.;", To propose a change to the project scope, schedule, or budget., To document a problem or issue encountered during the project., To request additional resources for the project., All of the above.
";10;0What is the purpose of the closing process group?; All of the above.;It seems you are wrong. The correct answer is  All of the above.;", To obtain final acceptance of the project deliverables., To document lessons learned., To archive project documents., All of the above.
";10;0Which of the following is NOT a key activity in the planning process group?; Implementing risk responses.;It seems you are wrong. The correct answer is  Implementing risk responses.;", Developing the project schedule., Identifying risks., Implementing risk responses., Estimating activity durations.
";10;0What is the purpose of a work breakdown structure (WBS)?; To define the project scope in a hierarchical manner. ;It seems you are wrong. The correct answer is  To define the project scope in a hierarchical manner. ;", To define the project scope in a hierarchical manner., To identify and document project risks., To track project progress., To communicate with stakeholders.
";10;0What is the purpose of a network diagram?; All of the above.;It seems you are wrong. The correct answer is  All of the above.;", To show the relationships between project activities., To identify the critical path., To estimate activity durations., All of the above.
";10;0What is the critical path in a project?; The longest path through the network diagram.;It seems you are wrong. The correct answer is  The longest path through the network diagram.;", The shortest path through the network diagram., The longest path through the network diagram., The path with the most activities., The path with the least float.
";10;0What is float (or slack) in project management?; The amount of time an activity can be delayed without delaying the project finish date.;It seems you are wrong. The correct answer is  The amount of time an activity can be delayed without delaying the project finish date.;", The amount of time an activity can be delayed without delaying the project finish date., The amount of money that can be spent on a project without exceeding the budget., The number of resources that can be added to a project without affecting the schedule., The amount of risk that can be tolerated on a project.
";10;0Which of the following is NOT a type of float?; Critical float.;It seems you are wrong. The correct answer is  Critical float.;", Total float, Free float, Critical float, Project float
";10;0What is the main purpose of the monitoring and controlling process group?; To ensure that the project stays on track and meets its objectives.;It seems you are wrong. The correct answer is  To ensure that the project stays on track and meets its objectives.;", To ensure that the project stays on track and meets its objectives., To define the project scope and obtain authorization to start the project., To carry out the project work., To obtain final acceptance of the project deliverables.
";10;0Which of the following is NOT a tool or technique used in the monitoring and controlling process group?; Risk identification.;It seems you are wrong. The correct answer is  Risk identification.;", Earned value management (EVM), Variance analysis, Risk identification, Performance reviews
";10;0What is the purpose of earned value management (EVM)?; To measure project performance and forecast future outcomes. ;It seems you are wrong. The correct answer is  To measure project performance and forecast future outcomes. ;, To measure project performance and forecast future outcomes., To identify and document project risks., To manage the project team., To obtain customer acceptance of the project deliverables.;10;0What is a variance analysis in project management?; A comparison of actual project performance to planned performance.;It seems you are wrong. The correct answer is  A comparison of actual project performance to planned performance.;", A comparison of actual project performance to planned performance., A process for identifying and documenting project risks., A technique for managing stakeholder expectations., A method for closing out the project.
";10;0What is the purpose of a performance review in project management?; All of the above.;It seems you are wrong. The correct answer is  All of the above.;", To evaluate the performance of individual team members., To assess the overall performance of the project., To identify areas for improvement., All of the above.
";10;0Which of the following is NOT a key output of the closing process group?; Project charter.;It seems you are wrong. The correct answer is  Project charter.;, Project closure documents, Lessons learned documentation, Project charter, Final product, service, or result transition;10;0What is the purpose of documenting lessons learned?; All of the above.;It seems you are wrong. The correct answer is  All of the above.;", To capture knowledge and experience gained during the project., To improve future projects., To identify best practices and areas for improvement., All of the above.
";10;0What is the purpose of archiving project documents?; All of the above.;It seems you are wrong. The correct answer is  All of the above.;", To preserve project information for future reference., To meet legal and regulatory requirements., To support organizational knowledge management., All of the above.
";10;0Which of the following is NOT a key input to the closing process group?; Risk register.;It seems you are wrong. The correct answer is  Risk register.;", Accepted deliverables, Project management plan, Risk register, Organizational process assets
";10;0What is the purpose of obtaining formal acceptance of the project deliverables?; All of the above.;It seems you are wrong. The correct answer is  All of the above.;", To confirm that the project has met the customer's requirements., To formally transfer ownership of the deliverables to the customer., To trigger the project closure process., All of the above.
";10;0Which of the following best describes the relationship between the project management process groups and the project life cycle?; The process groups span all phases of the project life cycle. ;It seems you are wrong. The correct answer is  The process groups span all phases of the project life cycle. ;", The process groups are sequential, while the project life cycle is iterative., The process groups are iterative, while the project life cycle is sequential., The process groups span all phases of the project life cycle., There is no relationship between the process groups and the project life cycle.
";10;0
